[{"id":38620,"nid":11214291,"dbId":"n11214291_bvm096eleena3uclh1mg","op":"create","value":"[{\"kind\": \"int\", \"name\": \"_id\", \"index\": \"primary\", \"internal\": true, \"readOnly\": true}, {\"kind\": \"string\", \"name\": \"_user\", \"index\": \"normal\", \"order\": 99, \"kindLen\": 100, \"internal\": true, \"readOnly\": true}, {\"kind\": \"timestamp\", \"name\": \"_create\", \"index\": \"normal\", \"order\": 100, \"internal\": true, \"readOnly\": true}, {\"kind\": \"timestamp\", \"name\": \"_update\", \"order\": 101, \"internal\": true, \"readOnly\": true}, {\"kind\": \"text\", \"name\": \"order\", \"after\": \"_id\"}, {\"kind\": \"text\", \"name\": \"name\", \"after\": \"_id\"}, {\"kind\": \"picture\", \"name\": \"cover\", \"after\": \"appkey\", \"order\": 86.75}, {\"kind\": \"text\", \"name\": \"mobile\", \"after\": \"cover\", \"order\": 92.875}, {\"kind\": \"text\", \"name\": \"Appid\", \"order\": 50}, {\"kind\": \"text\", \"name\": \"Appkey\", \"order\": 74.5}, {\"kind\": \"int\", \"name\": \"off\", \"after\": \"cover\", \"order\": 89.8125}, {\"kind\": \"int\", \"name\": \"level\", \"after\": \"mobile\", \"order\": 95.9375}]"},{"id":38621,"nid":11214291,"dbId":"n11214291_ca0d95c2inckhc439570","op":"create","value":"[{\"kind\": \"int\", \"name\": \"_id\", \"index\": \"primary\", \"internal\": true, \"readOnly\": true}, {\"kind\": \"string\", \"name\": \"_user\", \"index\": \"normal\", \"order\": 1, \"kindLen\": 100, \"internal\": true}, {\"kind\": \"string\", \"name\": \"password\", \"order\": 2, \"internal\": true}, {\"kind\": \"string\", \"name\": \"openid\", \"index\": \"unique\", \"order\": 3, \"kindLen\": 32, \"internal\": true}, {\"kind\": \"string\", \"name\": \"unionid\", \"index\": \"normal\", \"order\": 3.5, \"kindLen\": 32, \"internal\": true}, {\"kind\": \"string\", \"name\": \"email\", \"index\": \"normal\", \"order\": 4, \"kindLen\": 50, \"internal\": true}, {\"kind\": \"string\", \"name\": \"nick\", \"order\": 5, \"kindLen\": 50, \"internal\": true}, {\"kind\": \"picture\", \"name\": \"headimgurl\", \"order\": 6, \"kindLen\": 255, \"internal\": true}, {\"kind\": \"bool\", \"name\": \"banned\", \"order\": 7, \"internal\": true}, {\"kind\": \"string\", \"name\": \"user_type\", \"order\": 8, \"internal\": true}, {\"kind\": \"int\", \"name\": \"account_type\", \"order\": 9, \"internal\": true}, {\"kind\": \"timestamp\", \"name\": \"_create\", \"index\": \"normal\", \"order\": 100, \"internal\": true, \"readOnly\": true}, {\"kind\": \"timestamp\", \"name\": \"_update\", \"order\": 101, \"internal\": true, \"readOnly\": true}]"},{"id":38622,"nid":11214291,"dbId":"n11214291_cgg310cgmes430rivrv0","op":"create","value":"[{\"kind\": \"int\", \"name\": \"_id\", \"index\": \"primary\", \"internal\": true, \"readOnly\": true}, {\"kind\": \"string\", \"name\": \"_user\", \"index\": \"normal\", \"order\": 99, \"kindLen\": 100, \"internal\": true, \"readOnly\": true}, {\"kind\": \"timestamp\", \"name\": \"_create\", \"index\": \"normal\", \"order\": 100, \"internal\": true, \"readOnly\": true}, {\"kind\": \"timestamp\", \"name\": \"_update\", \"order\": 101, \"internal\": true, \"readOnly\": true}, {\"kind\": \"int\", \"name\": \"docker\", \"after\": \"_id\", \"order\": 50}, {\"kind\": \"object\", \"name\": \"code\", \"order\": 74.5}, {\"kind\": \"text\", \"name\": \"name\", \"after\": \"code\", \"order\": 86.75}, {\"kind\": \"text\", \"name\": \"descript\", \"after\": \"name\", \"order\": 92.875}, {\"kind\": \"picture\", \"name\": \"cover\", \"after\": \"descript\", \"order\": 95.9375}, {\"kind\": \"text\", \"name\": \"url\", \"after\": \"cover\", \"order\": 97.46875}]"}]